Nombre,Precio,Var %
AAL,11760.0,-0.75
AALC,7.47,0.13
AALD,7.71,-1.28
AAP,6345.0,-2.38
AAPL,24170.0,0.04
AAPLC,15.28,0.19
AAPLD,15.92,0.37
ABBV,39500.0,-0.7
ABBVC,24.92,0.0
ABBVD,26.09,-0.3
ABEV,13090.0,-3.39
ABEV3,4450.0,-3.41
ABEVC,8.89,0.0
ABEVD,8.61,-2.49
ABNB,19490.0,0.0
ABNBC,12.44,1.96
ABNBD,12.85,0.39
ABT,43920.0,-0.31
ABTC,21.2,0.0
ABTD,29.1,0.69
ACN,3697.5,-1.46
ACNC,2.4,0.0
ACND,2.45,-3.92
ACWI,9860.0,-0.4
ACWID,6.52,0.0
ADBE,9500.0,-2.31
ADBEC,6.11,0.0
ADBED,6.24,-2.04
ADGO,14090.0,-1.94
ADGOD,9.26,-2.11
ADI,40220.0,0.19
ADID,27.04,0.0
ADP,71725.0,-1.61
ADPD,45.61,0.0
ADS,3980.0,0.0
AEG,14810.0,0.0
AEM,48840.0,3.03
AEMD,31.45,1.81
AI,3080.0,-4.27
AIC,2.02,0.0
AID,2.05,1.74
AIG,24240.0,0.74
AIGC,15.18,0.0
AIGD,15.99,0.0
AKO.B,48720.0,0.45
AKOBD,32.07,0.0
ALAB,11290.0,-2.58
ALAD,7.54,-4.31
AMAT,159200.0,-5.99
AMATD,105.25,-5.18
AMD,80100.0,4.7
AMDC,49.32,0.0
AMDD,52.6,4.15
AMGN,21820.0,-0.9
AMGNC,13.85,0.0
AMGND,14.3,-0.62
AMX,37160.0,0.86
AMXD,23.29,0.0
AMZN,2885.0,-0.77
AMZNC,1.83,-0.81
AMZND,1.9,-0.52
ANET,10860.0,-2.33
ANETC,6.84,0.0
ANETD,7.15,-3.63
ANF,171375.0,-0.79
ANFD,112.0,-1.75
ARCO,24870.0,-3.22
ARCOC,16.35,0.0
ARCOD,16.39,-3.41
ARKK,12780.0,-2.06
ARKKC,8.24,0.0
ARKKD,8.43,-1.63
ARM,16260.0,-0.67
ARMD,10.63,-1.66
ASML,19720.0,-1.54
ASMLC,12.61,-1.94
ASMLD,12.93,-1.82
ASR,20810.0,-1.74
ASTS,7395.0,-2.05
ASTSC,5.01,0.0
ASTSD,4.93,-2.47
AVGO,15780.0,-6.84
AVGOC,10.05,-7.37
AVGOD,10.38,-6.82
AVY,15600.0,-1.26
AVYD,10.44,0.0
AXIA,65775.0,0.0
AXIAD,0.01,0.0
AXP,36060.0,-0.55
AXPC,23.22,0.0
AXPD,23.77,-1.12
AZN,61650.0,-0.84
AZND,40.58,-0.95
B,32760.0,1.17
B.C,20.34,0.0
B.D,21.48,1.08
BA,15110.0,-0.46
BA.C,25460.0,0.31
BA.CC,16.02,0.0
BA.CD,16.75,-0.53
BABA,21700.0,0.97
BABAC,13.79,-0.28
BABAD,14.29,1.27
BAC,9.81,0.0
BAD,9.92,0.2
BAK,1485.0,-10.27
BAKD,0.97,-12.12
BAYN,29500.0,9.17
BB,4715.0,-0.26
BB.D,3.16,0.0
BBAS3,2690.0,-4.44
BBD,4902.5,-2.34
BBDC,3.07,-6.54
BBDC3,4327.5,-4.36
BBDCD,3.1,0.0
BBDD,3.22,-2.71
BBV,45420.0,0.0
BBVD,30.4,0.0
BCS,44540.0,0.0
BHP,68425.0,-0.86
BHPD,45.62,0.24
BIDU,14790.0,-1.66
BIDUC,9.53,0.0
BIDUD,9.75,-0.71
BIIB,25500.0,-0.85
BIIBD,16.82,-0.05
BIOX,700.0,6.38
BIOXC,0.45,7.48
BIOXD,0.46,7.15
BKC*,16.25,0.0
BKNG,465.5,-0.42
BKNGC,0.3,0.33
BKNGD,0.31,-0.96
BKR,14400.0,-0.62
BKRD,9.71,0.0
BMNR,3555.0,-2.06
BMNRD,3.0,0.0
BMY,33740.0,-1.05
BMYD,21.97,0.0
BNG,35800.0,-0.11
BNGD,23.22,0.0
BNY,128450.0,-0.34
BNYD,80.7,0.0
BP,13420.0,-0.11
BPA11,15050.0,0.0
BPC,8.94,0.0
BPD,8.79,-0.58
BRKB,36400.0,-0.43
BRKBC,23.09,-0.34
BRKBD,23.98,-0.62
BSBR,9010.0,-1.26
BX,7600.0,-3.36
BXD,5.1,0.0
C,73225.0,0.1
C.D,48.26,1.59
CAAP,156100.0,-0.63
CAAPD,98.9,0.0
CAH,122475.0,0.67
CAHD,82.6,0.0
CAR,8320.0,-1.24
CAR.C,0.13,0.0
CAR.D,5.54,0.0
CAT,67925.0,0.44
CATC,42.9,0.0
CATD,44.73,0.56
CC,45.01,0.0
CCJ,6725.0,0.0
CCJC,4.22,0.0
CCJD,4.27,-5.01
CCL,14890.0,-0.26
CCLC,8.41,0.0
CCLD,9.68,0.0
CDE,29840.0,2.4
CDED,19.3,0.0
CEG,9960.0,1.32
CEGD,6.59,1.69
CIBR,15830.0,-2.16
CIBRD,10.4,-5.28
CL,48400.0,-1.18
CLD,32.14,-0.37
CLS,26700.0,-3.12
CLSD,17.85,-4.39
COIN,8765.0,-2.98
COINC,5.7,0.0
COIND,5.78,-2.19
COP,7990.0,2.01
COPX,9675.0,0.46
COPXC,6.38,0.0
COPXD,6.42,1.1
COST,31620.0,-0.06
COSTC,19.6,0.0
COSTD,20.9,2.1
CRM,17270.0,-2.26
CRMC,11.01,2.6
CRMD,11.36,-1.89
CRWD,4385.0,-3.04
CRWV,6150.0,-1.04
CRWVD,4.04,-1.1
CSCO,35480.0,-0.83
CSCOC,22.5,-3.59
CSCOD,23.26,-1.35
CSNA3,1341.0,-3.45
CVS,10160.0,1.29
CVSD,6.72,2.12
CVX,19850.0,1.48
CVXC,12.5,1.62
CVXD,13.05,2.19
CX,17550.0,0.11
CXC,10.92,0.0
CXD,12.5,0.0
DAL,17730.0,-2.15
DALD,11.9,0.0
DD,45920.0,0.96
DDD,30.13,0.0
DE,24160.0,-0.04
DEC,15.28,0.0
DECK,5905.0,-0.08
DECKD,3.91,0.0
DED,15.82,-0.81
DEO,25140.0,0.47
DEOC,13.15,0.0
DEOD,16.46,1.73
DHR,5920.0,-0.67
DHRC,3.57,0.0
DHRD,3.87,0.0
DIA,42400.0,-0.32
DIAC,26.82,-0.44
DIAD,27.92,-0.25
DISN,14000.0,1.74
DISNC,8.61,0.0
DISND,9.2,1.09
DOCU,4395.0,-4.03
DOCUC,2.61,-1.32
DOCUD,2.93,-2.33
DOW,8150.0,2.32
DOWC,4.95,0.0
DOWD,5.35,1.51
E,21840.0,0.97
EBAY,82050.0,-0.87
EBAYD,53.7,-0.92
ECL,7810.0,-0.31
ECLD,5.17,0.0
EEM,21040.0,-0.37
EEMC,13.4,0.0
EEMD,13.86,-0.21
EFA,9540.0,-0.26
EFAD,6.3,-0.31
EFX,18050.0,-1.41
EFXD,12.07,3.25
ELPC,49020.0,-2.93
EMBJ,118275.0,0.83
EQNR,10650.0,-0.44
ERIC,8120.0,-0.18
ERICD,5.41,0.0
ESGU,8920.0,-0.66
ESGUD,5.91,0.0
ETHA,4457.5,-0.66
ETHAC,2.83,0.0
ETHAD,2.94,-0.84
ETSY,7880.0,-0.75
ETSYD,5.17,-0.57
EWJ,11050.0,-0.89
EWJD,7.33,-0.4
EWY,5680.0,0.62
EWYC,3.69,2.36
EWYD,3.75,0.67
EWZ,26480.0,-1.19
EWZC,16.8,-2.49
EWZD,17.44,-1.02
F,22490.0,2.6
FC,15.55,0.0
FCX,35100.0,-0.22
FCXC,23.7,0.0
FCXD,23.01,0.61
FD,14.83,2.06
FDX,52825.0,-1.58
FDXC,38.17,0.0
FDXD,34.89,1.18
FISV,7800.0,-2.19
FISVD,5.21,-2.25
FMX,31040.0,0.91
FMXD,21.77,0.0
FNMA,10300.0,0.58
FSLR,19850.0,0.71
FSLRD,13.26,1.6
FXI,11000.0,-0.27
FXIC,7.23,3.28
FXID,7.26,0.0
GDX,14200.0,1.5
GDXD,9.3,0.97
GE,72175.0,1.36
GEC,45.63,0.59
GED,47.32,1.17
GFI,63100.0,0.96
GGB,29760.0,-2.74
GGBC,19.66,0.0
GGBD,20.44,0.0
GILD,54575.0,-0.18
GILDC,33.49,0.0
GILDD,36.01,0.81
GLD,12720.0,0.63
GLDC,8.07,0.74
GLDD,8.39,0.84
GLNG,8225.0,1.54
GLNGD,5.42,-0.18
GLOB,3240.0,-10.12
GLOBC,2.11,-2.54
GLOBD,2.14,-10.64
GLW,65250.0,4.31
GM,22900.0,0.74
GMD,14.93,0.06
GOGLC,5.98,-2.44
GOGLD,6.2,-0.64
GOOGL,9415.0,-0.52
GPRK,15010.0,1.62
GPRKC,9.59,0.0
GPRKD,9.95,3.53
GRMN,164425.0,-1.02
GRMND,109.5,0.0
GS,126275.0,-0.51
GSC,80.3,0.0
GSD,82.9,-0.36
GSK,19470.0,-1.37
GSKC,14.03,0.0
GSKD,12.92,-1.09
GT,4810.0,-1.98
GTD,3.22,0.0
HAL,27200.0,4.77
HALC,16.62,0.0
HALD,17.67,3.63
HAPV3,2210.0,-1.29
HD,16730.0,-0.59
HDB,18440.0,0.7
HDC,10.21,0.0
HDD,10.94,-0.63
HIMS,11200.0,-2.35
HIMSC,7.29,-3.31
HIMSD,7.47,-1.58
HL,29100.0,4.07
HLD,19.53,7.01
HMC,49560.0,0.32
HMY,30520.0,0.0
HMYC,19.79,0.0
HMYD,20.04,0.19
HOG,14750.0,0.54
HON,46180.0,0.03
HOND,30.52,0.06
HOOD,5220.0,-4.3
HOODD,3.43,-4.18
HPQ,47660.0,-3.56
HPQC,31.09,0.0
HPQD,31.71,-2.28
HSBC,81750.0,-0.06
HSY,13850.0,-0.79
HSYC,8.78,0.0
HSYD,9.17,2.7
HUT,27500.0,4.32
HUTC,17.1,0.0
HUTD,18.2,4.35
HWM,455000.0,1.9
HWMC,284.0,0.0
HWMD,288.0,0.0
IBB,11610.0,-0.76
IBBC,7.41,0.0
IBBD,7.65,-0.64
IBIT,5645.0,-0.79
IBITC,3.59,-0.55
IBITD,3.73,-0.66
IBM,24810.0,-0.76
IBMC,15.59,-2.98
IBMD,16.33,-0.91
IBN,47000.0,0.64
ICLN,5770.0,-0.77
ICLNC,3.73,0.0
ICLND,3.82,-0.65
IEMG,10690.0,-0.46
IEMGD,7.06,-0.42
IEUR,11240.0,-0.17
IEURC,7.22,0.27
IEURD,7.4,0.0
IFF,11010.0,-0.27
IFFD,7.6,0.0
IJH,10360.0,0.0
IJHD,6.86,-0.14
ILF,8785.0,-0.34
ILFC,5.63,0.53
ILFD,5.79,-0.17
INFY,19200.0,-0.77
INFYC,12.07,0.0
ING,18900.0,0.0
INGD,10.16,0.0
INTC,32520.0,-1.87
INTCC,21.09,0.42
INTCD,21.35,-2.37
IP,16020.0,-0.47
IPD,10.59,0.0
IREN,5860.0,-0.17
IRENC,3.28,0.0
IREND,3.91,0.38
ISRG,7000.0,-0.77
ITA,7950.0,1.01
ITAC,4.92,0.0
ITAD,5.26,0.76
ITUB,11480.0,-1.62
ITUB3,12300.0,-2.38
ITUBC,7.91,0.0
ITUBD,7.55,-1.56
IVE,9415.0,-0.15
IVEC,6.03,1.34
IVED,6.22,0.16
IVV,1786.0,-0.44
IVVC,1.16,0.43
IVVD,1.18,-0.84
IVW,11200.0,-0.88
IVWC,7.12,-0.69
IVWD,7.42,-0.26
IWM,48140.0,0.16
IWMC,29.66,0.0
IWMD,31.73,0.25
JCI,118600.0,0.0
JD,11430.0,-1.03
JDC,8.14,0.0
JDD,7.52,-1.05
JMIA,9685.0,-1.37
JMIAC,6.06,-3.19
JMIAD,6.55,0.3
JNJ,27540.0,-0.5
JNJC,17.32,-0.97
JNJD,18.1,-0.05
JOYY,23120.0,1.53
JOYYD,6.8,0.0
JPM,38240.0,-0.36
JPMC,24.5,0.2
JPMD,25.2,-0.23
KB,93525.0,0.0
KEEL,27860.0,5.93
KEELC,17.48,34.35
KEELD,18.39,6.3
KEP,18430.0,1.09
KGC,42960.0,0.84
KMB,29120.0,-0.41
KMBC,18.9,0.0
KMBD,19.39,1.51
KO,27700.0,0.0
KOC,17.58,0.17
KOD,18.23,0.55
KOFM,85800.0,-0.43
LAC,5280.0,-1.76
LACD,3.49,-0.71
LAR,10820.0,1.88
LARC,2.2,0.0
LARD,7.14,1.85
LLY,33400.0,-2.31
LLYC,21.12,-0.7
LLYD,22.0,-2.25
LMT,48000.0,1.52
LMTC,28.99,0.0
LMTD,31.49,1.54
LND,5555.0,-0.8
LRCX,9265.0,-2.88
LRCXC,5.8,0.0
LRCXD,6.1,-4.23
LREN3,3630.0,-5.46
LVS,36500.0,0.77
LYG,4862.5,-0.66
MA,27200.0,0.14
MAC,17.0,0.0
MAD,17.97,0.55
MCD,18010.0,0.16
MCDC,11.38,-0.17
MCDD,11.87,0.33
MDLZ,6680.0,0.22
MDLZC,4.26,0.0
MDLZD,4.36,-1.13
MDT,36200.0,0.94
MDTD,23.71,0.0
MELI,24270.0,0.74
MELIC,15.43,1.11
MELID,15.97,0.69
META,38960.0,-0.71
METAC,24.71,-0.44
METAD,25.67,-0.46
MFG,17210.0,-1.48
MGLU3,1162.0,-10.13
MMM,29080.0,0.76
MMMC,18.5,0.0
MMMD,18.96,0.95
MO,25960.0,0.69
MOC,16.33,-1.62
MOD,17.1,0.76
MOS,6875.0,0.0
MOSD,4.48,0.0
MP,9375.0,6.17
MPC,5.58,0.0
MPD,6.21,6.51
MRK,42740.0,-0.09
MRKC,26.95,4.45
MRKD,27.92,-0.21
MRNA,5270.0,-0.18
MRNAC,3.27,-4.38
MRNAD,3.5,0.57
MRSH,18550.0,-0.85
MRVL,24820.0,-0.95
MRVLD,16.38,-0.78
MSFT,26060.0,-0.3
MSFTC,16.56,-0.12
MSFTD,17.14,0.11
MSI,36780.0,0.1
MSTR,7385.0,-4.09
MSTRC,4.65,-2.92
MSTRD,4.87,-3.75
MU,304375.0,1.16
MUC,192.25,-0.64
MUD,200.5,1.26
MUFG,36280.0,-0.6
MUFGD,24.92,6.95
MUX,14800.0,0.2
MUXC,10.28,0.0
MUXD,9.93,2.37
NAT3D,1.71,0.0
NATU3,2510.0,-1.66
NBIS,15970.0,7.9
NBISC,10.12,3.9
NBISD,10.58,8.84
NEE,7170.0,-0.2
NEEC,4.6,0.0
NEED,4.75,0.0
NEM,62025.0,2.98
NEMD,40.96,2.4
NFLX,2570.0,-0.48
NFLXC,1.63,-1.21
NFLXD,1.7,2.1
NG,50400.0,2.73
NGD,33.58,8.63
NGG,63950.0,-0.5
NIO,1788.0,0.16
NIOC,1.14,0.0
NIOD,1.18,0.0
NKE,5380.0,-1.37
NKEC,3.46,-0.28
NKED,3.56,-0.97
NMR,15490.0,-2.08
NOKA,16860.0,0.65
NOW,1134.0,-2.15
NOWC,0.71,1.0
NOWD,0.74,-3.13
NTES,14070.0,1.15
NTESD,9.63,0.0
NU,11860.0,7.62
NUC,7.5,7.29
NUD,7.8,7.58
NUE,26740.0,-0.52
NVDA,14810.0,-0.26
NVDAC,9.4,-0.21
NVDAD,9.77,0.1
NVO,10300.0,-1.05
NVOC,6.7,0.0
NVOD,6.74,-0.65
NVS,59800.0,-0.54
NVSC,36.71,0.0
NVSD,39.45,2.01
NXE,16600.0,-0.89
NXED,10.92,4.99
O,7655.0,-0.51
OC,4.91,0.2
OD,5.05,-0.19
OKLO,2540.0,-3.96
OKLOD,1.69,-3.71
ONDS,7220.0,1.9
ONDSD,4.75,2.15
ORCL,80100.0,-2.64
ORCLC,52.2,0.0
ORCLD,52.8,-2.58
ORLY,630.0,-2.47
ORLYD,0.43,-0.23
OXY,18450.0,0.92
OXYC,12.04,0.0
OXYD,12.15,0.66
PAAS,24950.0,-0.12
PAASC,15.91,0.44
PAASD,16.49,0.12
PAC,20300.0,-1.97
PAGS,4557.5,-1.98
PAGSD,2.98,-2.61
PANW,12140.0,-2.88
PANWC,7.59,0.0
PANWD,8.02,-2.78
PATH,12760.0,-2.81
PATHD,8.29,-3.37
PBI,25960.0,-2.18
PBR,28160.0,-0.91
PBRC,17.88,0.0
PBRD,18.55,-0.42
PCAR,68750.0,-0.21
PCARC,125.0,0.0
PCARD,45.13,0.0
PDD,5335.0,-0.28
PDDD,3.51,0.57
PEP,12360.0,-0.24
PEPC,7.85,0.0
PEPD,8.16,0.24
PETR3,14200.0,0.35
PETRC,6.16,0.0
PETRD,9.32,0.53
PFE,10600.0,0.18
PFEC,6.68,0.0
PFED,6.98,0.28
PG,15200.0,-0.19
PGC,9.63,-0.31
PGD,10.04,0.09
PHG,8625.0,-0.17
PINS,5405.0,1.98
PINSD,3.5,0.0
PKS,30800.0,3.35
PLTR,92900.0,-1.77
PLTRC,59.3,0.85
PLTRD,61.4,-0.64
PM,16690.0,0.36
PMD,11.1,1.55
PRIO3,8995.0,0.84
PSQ,5005.0,0.0
PSQD,3.29,0.0
PSX,61200.0,-0.16
PSXD,39.0,0.0
PYPL,11840.0,-0.92
PYPLC,7.46,1.77
PYPLD,7.75,-1.52
QCOM,23570.0,-0.54
QCOMC,15.01,0.0
QCOMD,15.5,-0.57
QQQ,57700.0,-0.51
QQQC,36.5,-1.35
QQQD,38.02,-0.39
RACE,7845.0,0.12
RACEC,4.96,0.4
RACED,5.18,-0.19
RBLX,30360.0,0.86
RBLXD,20.12,1.87
RENT3,5065.0,-3.79
RGTI,14740.0,-0.06
RGTID,9.84,1.33
RIO,18890.0,-0.43
RIOD,12.48,-0.28
RIOT,10100.0,-0.39
RIOTC,6.43,-1.38
RIOTD,6.68,-0.44
RKLB,10540.0,-0.09
RKLBC,6.86,0.0
RKLBD,6.97,0.57
ROKU,19160.0,2.02
ROKUD,11.64,0.0
ROST,96875.0,0.02
ROSTD,62.4,0.0
RSP,11740.0,-0.25
RSPC,7.52,3.72
RSPD,7.74,-0.12
RTX,70175.0,1.01
RTXD,45.75,-0.43
SAN,92925.0,-0.61
SANC,56.4,0.0
SAND,62.7,0.0
SAP,54875.0,-0.45
SAPC,32.65,0.0
SAPD,35.94,2.1
SATL,9185.0,-1.13
SATLC,5.76,0.0
SATLD,6.03,-1.3
SBS,14190.0,-4.38
SBSP3,7145.0,-4.92
SBSPD,4.8,0.0
SBUX,14220.0,0.15
SBUXC,8.95,0.0
SBUXD,9.38,0.03
SCCO,147350.0,-0.84
SCHW,9810.0,0.0
SDA,627.0,1.53
SE,6025.0,-1.14
SEC,4.1,16.14
SED,3.94,-1.5
SH,6305.0,-0.07
SHC,4.17,0.0
SHD,4.16,0.0
SHEL,71750.0,1.69
SHELC,45.42,0.0
SHELD,46.98,1.17
SHOP,2278.0,-2.02
SHOPC,1.41,0.0
SHOPD,1.5,-1.64
SID,10940.0,-3.18
SIDD,7.28,-0.41
SIEGY,4950.0,0.0
SLB,28240.0,2.69
SLBC,17.81,0.0
SLBD,18.53,3.34
SLV,15430.0,0.52
SLVC,9.88,0.0
SLVD,10.18,0.59
SMH,18470.0,-1.01
SMHC,11.93,-1.15
SMHD,12.18,-1.13
SNA,106200.0,-0.65
SNAP,8515.0,2.46
SNAPD,5.51,0.0
SNDK,15160.0,6.91
SNDKC,9.9,6.79
SNDKD,9.95,7.1
SNOW,17360.0,-2.74
SNOWC,9.11,0.0
SNOWD,11.36,-3.64
SONY,4790.0,2.95
SONYD,3.12,2.13
SPCE,10660.0,7.89
SPCED,6.9,7.64
SPCX,4397.5,-1.56
SPCXD,2.89,-2.03
SPGI,14720.0,-1.14
SPGID,9.81,0.0
SPHQ,9880.0,-0.1
SPHQD,6.52,0.15
SPOT,28800.0,2.27
SPOTC,17.31,0.0
SPOTD,19.02,3.14
SPXL,18920.0,-0.89
SPXLC,12.06,0.0
SPXLD,12.45,-0.79
SPY,20460.0,-0.38
SPYC,12.96,-0.3
SPYD,13.46,-0.29
STLA,1700.0,-0.23
STLAC,1.07,-0.46
STLAD,1.12,0.0
STNE,5050.0,-6.56
STNEC,3.74,0.0
STNED,3.26,-8.29
SUZ,12750.0,1.11
SUZB3,12550.0,1.45
SUZD,8.41,-5.5
SWKS,5270.0,2.33
SWKSD,3.42,0.0
SYY,16410.0,-1.08
SYYD,11.03,0.0
T,13080.0,0.92
TC,8.13,0.0
TCOM,35500.0,-0.61
TCOMD,22.8,0.0
TD,8.64,1.52
TEAM,5430.0,-2.16
TEAMD,3.61,-1.23
TEM,6895.0,-3.96
TEMD,4.59,-3.16
TEN,84500.0,1.41
TENC,57.0,0.0
TEND,54.5,-0.9
TGT,10160.0,-0.87
TGTC,6.5,0.0
TGTD,6.72,0.29
TIMB,27480.0,-0.07
TIMBD,20.49,0.0
TIMS3,5525.0,-0.09
TJX,11100.0,-0.35
TJXD,7.42,3.09
TM,20050.0,1.05
TMC,12.73,1.03
TMD,13.17,1.22
TMO,42480.0,-0.74
TMOD,28.85,1.72
TMUS,8700.0,-1.02
TMUSC,5.56,0.0
TMUSD,5.77,0.0
TQQQ,4805.0,-1.28
TQQQC,3.09,0.0
TQQQD,3.17,-1.09
TRIP,8465.0,-1.85
TRIPC,5.4,0.0
TRIPD,5.6,0.17
TRVV,97550.0,-0.1
TRVVD,63.6,0.0
TSLA,35940.0,0.33
TSLAC,22.69,0.93
TSLAD,23.65,0.46
TSM,74800.0,-1.25
TSMC,47.49,-1.22
TSMD,49.32,-0.86
TTE,46580.0,1.26
TTED,30.05,0.03
TV,1511.0,0.19
TVD,0.99,0.0
TWLO,10510.0,-4.1
TWLOD,7.14,0.0
TXN,87525.0,1.18
TXND,57.1,0.17
TXR,21200.0,-0.93
TXRC,12.27,0.0
TXRD,13.99,-0.99
UAL,39940.0,-0.19
UALC,19.71,0.0
UALD,26.44,0.0
UBER,60125.0,0.25
UBERC,37.66,0.5
UBERD,39.54,-0.12
UGP,9615.0,-0.82
UGPD,6.24,0.0
UL,32740.0,-0.9
ULC,21.17,0.0
ULD,21.75,0.0
UNH,19170.0,0.2
UNHC,12.27,0.0
UNHD,12.67,0.55
UNP,23260.0,-1.23
UNPD,15.6,0.0
UPST,9690.0,-1.77
UPSTC,6.4,0.0
UPSTD,6.4,0.0
URA,14170.0,-0.97
URAC,9.03,0.0
URAD,9.37,-1.16
URBN,61500.0,2.11
URBND,40.0,0.0
USB,20590.0,-0.04
USO,13260.0,0.83
USOD,8.73,1.27
V,32000.0,-0.06
VAL3C,16.33,0.0
VAL3D,15.33,0.0
VALE,10730.0,-1.64
VALE3,21500.0,-2.22
VALEC,6.77,-2.3
VALED,7.06,-1.8
VC,20.23,0.54
VD,21.09,0.33
VEA,11600.0,-0.51
VEAC,7.45,0.0
VEAD,7.67,-0.13
VIG,9950.0,-0.79
VIGD,6.5,-1.51
VIST,36120.0,3.2
VISTC,22.71,2.99
VISTD,23.8,3.29
VIV,17900.0,-0.05
VIVD,11.94,0.0
VIVT3,8980.0,-0.71
VOD,25940.0,1.01
VODC,13.3,0.0
VODD,17.0,2.59
VRSN,75875.0,0.0
VRSND,49.64,0.0
VRTX,7930.0,-1.91
VRTXD,5.25,-0.75
VST,9050.0,1.4
VSTD,5.97,1.7
VXX,6110.0,-1.29
VXXD,4.01,-1.11
VZ,19080.0,0.21
VZC,11.43,0.0
VZD,12.55,0.15
WBO,1995.0,-0.25
WBOD,1.36,0.0
WEGE3,14340.0,0.0
WFC,27920.0,-0.07
WFCC,16.66,0.0
WFCD,18.44,1.04
WMT,10120.0,-0.49
WMTC,6.43,0.0
WMTD,6.69,0.29
XLB,4617.5,0.27
XLBC,2.94,0.0
XLBD,3.05,0.32
XLC,9380.0,-0.1
XLCC,5.97,1.53
XLCD,6.2,0.0
XLE,48860.0,0.99
XLEC,31.35,3.22
XLED,32.25,1.6
XLF,46000.0,-0.34
XLFC,29.0,0.0
XLFD,30.33,-0.13
XLI,10530.0,0.28
XLIC,6.66,0.0
XLID,6.9,-0.57
XLK,6530.0,-0.68
XLKC,4.2,0.71
XLKD,4.32,-0.57
XLP,8505.0,0.0
XLPC,5.45,0.36
XLPD,5.61,0.0
XLRE,7910.0,-0.06
XLREC,4.96,0.0
XLRED,5.27,0.57
XLU,4680.0,0.42
XLUD,3.09,0.48
XLV,9140.0,-0.59
XLVC,5.8,-0.68
XLVD,6.02,-0.66
XLY,4355.0,0.05
XLYC,2.78,0.0
XLYD,2.87,-0.51
XME,6155.0,0.9
XMEC,3.46,0.0
XMED,4.02,0.0
XOM,25200.0,1.13
XOMC,15.93,0.0
XOMD,16.62,1.57
XP,6195.0,-1.35
XPC,3.86,-2.52
XPD,4.1,-1.08
XPEV,4632.5,-0.59
XPEVD,3.09,0.65
XROX,4872.5,-1.86
XROXD,3.26,0.0
XYZ,6540.0,-0.75
XYZC,3.09,0.0
XYZD,4.37,1.39
YELP,19290.0,-0.05
YELPD,13.16,0.0
ZM,3547.5,-3.46
ZMC,1.84,0.0
ZMD,2.35,0.85
